trade_num,entry_time,exit_time,symbol,side,entry,sl,tp,exit,outcome,sl_pips,r_multiple,risk_amount,pnl,balance,bars_held,comment
1,2025-01-16 07:25:00,2025-01-16 07:30:00,EURUSD,SELL,1.02899,1.02915,1.0286700000000002,1.0286700000000002,WIN,15.999999999993795,2.0,50.0,100.0,10100.0,1,Bearish ICT: Sweep+BOS+FVG (Disp=75.0p)
2,2025-01-20 08:40:00,2025-01-20 08:45:00,EURUSD,BUY,1.03156,1.0311499999999998,1.0323800000000005,1.0323800000000005,WIN,41.00000000002435,2.0,50.5,101.0,10201.0,1,Bullish ICT: Sweep+BOS+FVG (Disp=666.0p)
3,2025-01-20 08:45:00,2025-01-20 08:50:00,EURUSD,BUY,1.03156,1.0311499999999998,1.0323800000000005,1.0323800000000005,WIN,41.00000000002435,2.0,51.005,102.01,10303.01,1,Bullish ICT: Sweep+BOS+FVG (Disp=666.0p)
4,2025-01-29 08:15:00,2025-01-29 08:20:00,EURUSD,SELL,1.03999,1.0405200000000001,1.0389299999999997,1.0389299999999997,WIN,53.00000000001414,2.0,51.51505,103.0301,10406.0401,1,Bearish ICT: Sweep+BOS+FVG (Disp=157.0p)
5,2025-01-29 08:20:00,2025-01-29 08:25:00,EURUSD,SELL,1.03999,1.0405200000000001,1.0389299999999997,1.0389299999999997,WIN,53.00000000001414,2.0,52.0302005,104.060401,10510.100501,1,Bearish ICT: Sweep+BOS+FVG (Disp=157.0p)
6,2025-02-05 08:25:00,2025-02-05 08:30:00,EURUSD,SELL,1.04209,1.04224,1.0417899999999998,1.0417899999999998,WIN,15.000000000009448,2.0,52.550502505000004,105.10100501000001,10615.20150601,1,Bearish ICT: Sweep+BOS+FVG (Disp=77.0p)
7,2025-02-05 08:30:00,2025-02-05 08:35:00,EURUSD,SELL,1.04209,1.04224,1.0417899999999998,1.0417899999999998,WIN,15.000000000009448,2.0,53.07600753005,106.1520150601,10721.353521070101,1,Bearish ICT: Sweep+BOS+FVG (Disp=77.0p)
8,2025-02-18 07:30:00,2025-02-18 07:45:00,EURUSD,SELL,1.04624,1.04654,1.0456400000000001,1.0456400000000001,WIN,29.999999999996692,2.0,53.606767605350505,107.21353521070101,10828.567056280803,3,Bearish ICT: Sweep+BOS+FVG (Disp=64.0p)
9,2025-02-18 07:35:00,2025-02-18 07:45:00,EURUSD,SELL,1.04624,1.04654,1.0456400000000001,1.0456400000000001,WIN,29.999999999996692,2.0,54.14283528140402,108.28567056280804,10936.85272684361,2,Bearish ICT: Sweep+BOS+FVG (Disp=64.0p)
10,2025-02-21 09:50:00,2025-02-21 10:05:00,EURUSD,BUY,1.04772,1.0471,1.0489600000000001,1.0471,LOSS,62.00000000000649,-1.0,54.68426363421805,-54.68426363421805,10882.168463209391,3,Bullish ICT: Sweep+BOS+FVG (Disp=105.0p)
11,2025-02-21 09:55:00,2025-02-21 10:05:00,EURUSD,BUY,1.04772,1.0471,1.0489600000000001,1.0471,LOSS,62.00000000000649,-1.0,54.41084231604696,-54.41084231604696,10827.757620893344,2,Bullish ICT: Sweep+BOS+FVG (Disp=105.0p)
12,2025-03-28 07:40:00,2025-03-28 08:05:00,EURUSD,BUY,1.07738,1.0764799999999999,1.0791800000000003,1.0791800000000003,WIN,90.00000000001228,2.0,54.13878810446672,108.27757620893344,10936.035197102277,5,Bullish ICT: Sweep+BOS+FVG (Disp=106.0p)
13,2025-03-28 07:50:00,2025-03-28 08:05:00,EURUSD,BUY,1.07738,1.0764799999999999,1.0791800000000003,1.0791800000000003,WIN,90.00000000001228,2.0,54.68017598551139,109.36035197102278,11045.3955490733,3,Bullish ICT: Sweep+BOS+FVG (Disp=106.0p)
14,2025-04-09 13:30:00,2025-04-09 13:35:00,EURUSD,SELL,1.10171,1.10417,1.0967899999999997,1.0967899999999997,WIN,246.00000000001285,2.0,55.226977745366504,110.45395549073301,11155.849504564034,1,Bearish ICT: Sweep+BOS+FVG (Disp=550.0p)
15,2025-04-09 13:35:00,2025-04-09 14:00:00,EURUSD,SELL,1.10171,1.10417,1.0967899999999997,1.0967899999999997,WIN,246.00000000001285,2.0,55.77924752282017,111.55849504564034,11267.407999609673,5,Bearish ICT: Sweep+BOS+FVG (Disp=550.0p)
16,2025-04-16 13:35:00,2025-04-16 13:40:00,EURUSD,BUY,1.13683,1.1367099999999999,1.1370700000000002,1.1370700000000002,WIN,12.000000000012,2.0,56.33703999804837,112.67407999609674,11380.08207960577,1,Bullish ICT: Sweep+BOS+FVG (Disp=148.0p)
17,2025-04-16 13:40:00,2025-04-16 13:45:00,EURUSD,BUY,1.13683,1.1367099999999999,1.1370700000000002,1.1370700000000002,WIN,12.000000000012,2.0,56.90041039802885,113.8008207960577,11493.882900401828,1,Bullish ICT: Sweep+BOS+FVG (Disp=148.0p)
18,2025-04-18 07:45:00,2025-04-18 07:50:00,EURUSD,BUY,1.13746,1.13719,1.138,1.138,WIN,26.999999999999243,2.0,57.469414502009144,114.93882900401829,11608.821729405847,1,Bullish ICT: Sweep+BOS+FVG (Disp=58.0p)
19,2025-04-18 07:50:00,2025-04-18 07:55:00,EURUSD,BUY,1.13746,1.13719,1.138,1.138,WIN,26.999999999999243,2.0,58.04410864702923,116.08821729405847,11724.909946699905,1,Bullish ICT: Sweep+BOS+FVG (Disp=58.0p)
20,2025-04-29 08:40:00,2025-04-29 08:45:00,EURUSD,BUY,1.13753,1.1370399999999998,1.1385100000000001,1.1385100000000001,WIN,49.00000000001014,2.0,58.62454973349953,117.24909946699906,11842.159046166904,1,Bullish ICT: Sweep+BOS+FVG (Disp=142.0p)
21,2025-04-29 08:45:00,2025-04-29 08:50:00,EURUSD,BUY,1.13753,1.1370399999999998,1.1385100000000001,1.1385100000000001,WIN,49.00000000001014,2.0,59.21079523083452,118.42159046166904,11960.580636628572,1,Bullish ICT: Sweep+BOS+FVG (Disp=142.0p)
22,2025-05-07 14:00:00,2025-05-07 14:05:00,EURUSD,BUY,1.13392,1.1335799999999998,1.1346000000000005,1.1346000000000005,WIN,34.0000000000229,2.0,59.80290318314286,119.60580636628572,12080.186442994858,1,Bullish ICT: Sweep+BOS+FVG (Disp=128.0p)
23,2025-05-07 14:05:00,2025-05-07 14:10:00,EURUSD,BUY,1.13392,1.1335799999999998,1.1346000000000005,1.1346000000000005,WIN,34.0000000000229,2.0,60.40093221497429,120.80186442994858,12200.988307424806,1,Bullish ICT: Sweep+BOS+FVG (Disp=128.0p)
24,2025-05-23 07:50:00,2025-05-23 07:55:00,EURUSD,SELL,1.13624,1.13724,1.1342399999999997,1.1342399999999997,WIN,100.00000000001118,2.0,61.00494153712403,122.00988307424807,12322.998190499055,1,Bearish ICT: Sweep+BOS+FVG (Disp=655.0p)
25,2025-05-23 07:55:00,2025-05-23 08:00:00,EURUSD,SELL,1.13624,1.13724,1.1342399999999997,1.1342399999999997,WIN,100.00000000001118,2.0,61.614990952495276,123.22998190499055,12446.228172404046,1,Bearish ICT: Sweep+BOS+FVG (Disp=655.0p)
26,2025-05-30 08:10:00,2025-05-30 08:15:00,EURUSD,BUY,1.13304,1.1325999999999998,1.1339200000000005,1.1339200000000005,WIN,44.00000000002179,2.0,62.23114086202023,124.46228172404047,12570.690454128086,1,Bullish ICT: Sweep+BOS+FVG (Disp=87.0p)
27,2025-05-30 08:15:00,2025-05-30 08:20:00,EURUSD,BUY,1.13304,1.1325999999999998,1.1339200000000005,1.1339200000000005,WIN,44.00000000002179,2.0,62.85345227064043,125.70690454128086,12696.397358669366,1,Bullish ICT: Sweep+BOS+FVG (Disp=87.0p)
28,2025-06-17 08:45:00,2025-06-17 10:15:00,EURUSD,SELL,1.15645,1.1573300000000002,1.1546899999999996,1.1546899999999996,WIN,88.00000000002139,2.0,63.481986793346834,126.96397358669367,12823.36133225606,18,Bearish ICT: Sweep+BOS+FVG (Disp=113.0p)
29,2025-06-17 08:50:00,2025-06-17 10:15:00,EURUSD,SELL,1.15645,1.1573300000000002,1.1546899999999996,1.1546899999999996,WIN,88.00000000002139,2.0,64.1168066612803,128.2336133225606,12951.59494557862,17,Bearish ICT: Sweep+BOS+FVG (Disp=113.0p)
30,2025-06-19 07:35:00,2025-06-19 08:05:00,EURUSD,BUY,1.14741,1.14682,1.1485900000000002,1.1485900000000002,WIN,59.00000000000904,2.0,64.7579747278931,129.5159494557862,13081.110895034406,6,Bullish ICT: Sweep+BOS+FVG (Disp=97.0p)
31,2025-06-19 07:40:00,2025-06-19 08:05:00,EURUSD,BUY,1.14741,1.14682,1.1485900000000002,1.1485900000000002,WIN,59.00000000000904,2.0,65.40555447517202,130.81110895034405,13211.92200398475,5,Bullish ICT: Sweep+BOS+FVG (Disp=97.0p)
32,2025-06-20 08:55:00,2025-06-20 11:20:00,EURUSD,SELL,1.15147,1.1527100000000001,1.1489899999999997,1.1527100000000001,LOSS,124.00000000001297,-1.0,66.05961001992375,-66.05961001992375,13145.862393964826,29,Bearish ICT: Sweep+BOS+FVG (Disp=57.0p)
33,2025-06-23 08:05:00,2025-06-23 08:30:00,EURUSD,BUY,1.14649,1.14604,1.1473900000000001,1.14604,LOSS,45.00000000000614,-1.0,65.72931196982412,-65.72931196982412,13080.133081995002,5,Bullish ICT: Sweep+BOS+FVG (Disp=86.0p)
34,2025-07-07 12:30:00,2025-07-07 12:35:00,EURUSD,SELL,1.17334,1.1738700000000002,1.1722799999999998,1.1722799999999998,WIN,53.00000000001414,2.0,65.400665409975,130.80133081995,13210.934412814951,1,Bearish ICT: Sweep+BOS+FVG (Disp=248.0p)
35,2025-07-07 12:35:00,2025-07-07 12:40:00,EURUSD,SELL,1.17334,1.1738700000000002,1.1722799999999998,1.1722799999999998,WIN,53.00000000001414,2.0,66.05467206407477,132.10934412814953,13343.043756943101,1,Bearish ICT: Sweep+BOS+FVG (Disp=248.0p)
36,2025-07-08 12:55:00,2025-07-08 13:00:00,EURUSD,SELL,1.17085,1.1713,1.1699499999999998,1.1713,LOSS,45.00000000000614,-1.0,66.7152187847155,-66.7152187847155,13276.328538158386,1,Bearish ICT: Sweep+BOS+FVG (Disp=92.0p)
37,2025-07-09 08:10:00,2025-07-09 08:15:00,EURUSD,SELL,1.17038,1.17067,1.1697999999999997,1.17067,LOSS,29.000000000012346,-1.0,66.38164269079194,-66.38164269079194,13209.946895467594,1,Bearish ICT: Sweep+BOS+FVG (Disp=80.0p)
38,2025-07-09 08:15:00,2025-07-09 08:20:00,EURUSD,SELL,1.17038,1.17067,1.1697999999999997,1.17067,LOSS,29.000000000012346,-1.0,66.04973447733798,-66.04973447733798,13143.897160990256,1,Bearish ICT: Sweep+BOS+FVG (Disp=80.0p)
39,2025-07-18 08:10:00,2025-07-18 08:15:00,EURUSD,BUY,1.16446,1.1640199999999998,1.1653400000000005,1.1653400000000005,WIN,44.00000000002179,2.0,65.71948580495129,131.43897160990258,13275.33613260016,1,Bullish ICT: Sweep+BOS+FVG (Disp=138.0p)
40,2025-07-18 08:15:00,2025-07-18 08:20:00,EURUSD,BUY,1.16446,1.1640199999999998,1.1653400000000005,1.1653400000000005,WIN,44.00000000002179,2.0,66.3766806630008,132.7533613260016,13408.089493926162,1,Bullish ICT: Sweep+BOS+FVG (Disp=138.0p)
41,2025-07-22 08:15:00,2025-07-22 08:20:00,EURUSD,SELL,1.17013,1.17036,1.1696699999999995,1.1696699999999995,WIN,23.000000000017447,2.0,67.0404474696308,134.0808949392616,13542.170388865423,1,Bearish ICT: Sweep+BOS+FVG (Disp=108.0p)
42,2025-07-22 08:20:00,2025-07-22 08:25:00,EURUSD,SELL,1.17013,1.17036,1.1696699999999995,1.1696699999999995,WIN,23.000000000017447,2.0,67.71085194432712,135.42170388865424,13677.592092754077,1,Bearish ICT: Sweep+BOS+FVG (Disp=108.0p)
43,2025-07-24 09:15:00,2025-07-24 09:20:00,EURUSD,BUY,1.17384,1.17315,1.1752200000000002,1.1752200000000002,WIN,69.00000000000794,2.0,68.38796046377038,136.77592092754077,13814.368013681618,1,Bullish ICT: Sweep+BOS+FVG (Disp=213.0p)
44,2025-07-24 09:20:00,2025-07-24 09:25:00,EURUSD,BUY,1.17384,1.17315,1.1752200000000002,1.1752200000000002,WIN,69.00000000000794,2.0,69.0718400684081,138.1436801368162,13952.511693818435,1,Bullish ICT: Sweep+BOS+FVG (Disp=213.0p)
45,2025-07-30 14:45:00,2025-07-30 14:50:00,EURUSD,SELL,1.14784,1.1497400000000002,1.1440399999999995,1.1440399999999995,WIN,190.00000000002348,2.0,69.76255846909217,139.52511693818434,14092.03681075662,1,Bearish ICT: Sweep+BOS+FVG (Disp=497.0p)
46,2025-07-30 14:50:00,2025-07-30 14:55:00,EURUSD,SELL,1.14784,1.1497400000000002,1.1440399999999995,1.1440399999999995,WIN,190.00000000002348,2.0,70.4601840537831,140.9203681075662,14232.957178864186,1,Bearish ICT: Sweep+BOS+FVG (Disp=497.0p)
47,2025-08-07 07:10:00,2025-08-07 07:15:00,EURUSD,SELL,1.1668,1.1671,1.1662000000000001,1.1662000000000001,WIN,29.999999999996692,2.0,71.16478589432093,142.32957178864186,14375.286750652827,1,Bearish ICT: Sweep+BOS+FVG (Disp=135.0p)
48,2025-08-07 07:15:00,2025-08-07 07:20:00,EURUSD,SELL,1.1668,1.1671,1.1662000000000001,1.1662000000000001,WIN,29.999999999996692,2.0,71.87643375326414,143.75286750652828,14519.039618159355,1,Bearish ICT: Sweep+BOS+FVG (Disp=135.0p)
49,2025-08-20 14:00:00,2025-08-20 14:05:00,EURUSD,BUY,1.16648,1.16597,1.1675,1.16597,LOSS,51.00000000000104,-1.0,72.59519809079677,-72.59519809079677,14446.444420068558,1,Bullish ICT: Sweep+BOS+FVG (Disp=36.0p)
50,2025-08-20 14:05:00,2025-08-20 14:15:00,EURUSD,BUY,1.16648,1.16597,1.1675,1.16597,LOSS,51.00000000000104,-1.0,72.2322221003428,-72.2322221003428,14374.212197968214,2,Bullish ICT: Sweep+BOS+FVG (Disp=36.0p)
51,2025-09-04 08:20:00,2025-09-04 08:30:00,EURUSD,BUY,1.16434,1.16411,1.1647999999999998,1.16411,LOSS,22.999999999995243,-1.0,71.87106098984107,-71.87106098984107,14302.341136978373,2,Bullish ICT: Sweep+BOS+FVG (Disp=38.0p)
52,2025-09-04 08:25:00,2025-09-04 08:30:00,EURUSD,BUY,1.16434,1.16411,1.1647999999999998,1.16411,LOSS,22.999999999995243,-1.0,71.51170568489187,-71.51170568489187,14230.829431293481,1,Bullish ICT: Sweep+BOS+FVG (Disp=38.0p)
53,2025-09-10 08:10:00,2025-09-10 08:15:00,EURUSD,BUY,1.16996,1.16957,1.1707400000000003,1.16957,LOSS,39.00000000001125,-1.0,71.1541471564674,-71.1541471564674,14159.675284137014,1,Bullish ICT: Sweep+BOS+FVG (Disp=66.0p)
54,2025-09-11 08:40:00,2025-09-11 09:55:00,EURUSD,BUY,1.1689,1.16634,1.1740200000000003,1.1740200000000003,WIN,256.00000000001177,2.0,70.79837642068507,141.59675284137015,14301.272036978384,15,Bullish ICT: Sweep+BOS+FVG (Disp=240.0p)
55,2025-09-11 08:45:00,2025-09-11 09:55:00,EURUSD,BUY,1.1689,1.16634,1.1740200000000003,1.1740200000000003,WIN,256.00000000001177,2.0,71.50636018489192,143.01272036978384,14444.284757348167,14,Bullish ICT: Sweep+BOS+FVG (Disp=240.0p)
56,2025-09-24 08:35:00,2025-09-24 08:40:00,EURUSD,SELL,1.17534,1.1757600000000001,1.1744999999999999,1.1744999999999999,WIN,42.0000000000087,2.0,72.22142378674083,144.44284757348166,14588.727604921649,1,Bearish ICT: Sweep+BOS+FVG (Disp=78.0p)
57,2025-10-17 07:05:00,2025-10-17 07:10:00,EURUSD,SELL,1.16952,1.17016,1.1682399999999995,1.1682399999999995,WIN,64.0000000000196,2.0,72.94363802460825,145.8872760492165,14734.614880970865,1,Bearish ICT: Sweep+BOS+FVG (Disp=79.0p)
58,2025-10-17 07:10:00,2025-10-17 07:55:00,EURUSD,SELL,1.16952,1.17016,1.1682399999999995,1.1682399999999995,WIN,64.0000000000196,2.0,73.67307440485432,147.34614880970864,14881.961029780574,9,Bearish ICT: Sweep+BOS+FVG (Disp=79.0p)
59,2025-10-28 12:00:00,2025-10-28 12:05:00,EURUSD,BUY,1.16561,1.1653799999999999,1.1660700000000004,1.1660700000000004,WIN,23.000000000017447,2.0,74.40980514890288,148.81961029780575,15030.78064007838,1,Bullish ICT: Sweep+BOS+FVG (Disp=84.0p)
60,2025-11-05 08:20:00,2025-11-05 08:25:00,EURUSD,SELL,1.14916,1.1493300000000002,1.1488199999999995,1.1488199999999995,WIN,17.000000000022553,2.0,75.1539032003919,150.3078064007838,15181.088446479163,1,Bearish ICT: Sweep+BOS+FVG (Disp=31.0p)
61,2025-11-05 08:25:00,2025-11-05 08:30:00,EURUSD,SELL,1.14916,1.1493300000000002,1.1488199999999995,1.1488199999999995,WIN,17.000000000022553,2.0,75.90544223239581,151.81088446479163,15332.899330943956,1,Bearish ICT: Sweep+BOS+FVG (Disp=31.0p)
62,2025-11-20 08:40:00,2025-11-20 08:50:00,EURUSD,BUY,1.15143,1.15065,1.15299,1.15299,WIN,78.00000000000028,2.0,76.66449665471978,153.32899330943957,15486.228324253396,2,Bullish ICT: Sweep+BOS+FVG (Disp=145.0p)
63,2025-11-20 08:45:00,2025-11-20 08:50:00,EURUSD,BUY,1.15143,1.15065,1.15299,1.15299,WIN,78.00000000000028,2.0,77.43114162126697,154.86228324253395,15641.09060749593,1,Bullish ICT: Sweep+BOS+FVG (Disp=145.0p)
64,2025-11-21 07:30:00,2025-11-21 07:35:00,EURUSD,SELL,1.15045,1.1518400000000002,1.1476699999999995,1.1518400000000002,LOSS,139.00000000002242,-1.0,78.20545303747964,-78.20545303747964,15562.88515445845,1,Bearish ICT: Sweep+BOS+FVG (Disp=117.0p)
65,2025-11-21 07:35:00,2025-11-21 07:40:00,EURUSD,SELL,1.15045,1.1518400000000002,1.1476699999999995,1.1518400000000002,LOSS,139.00000000002242,-1.0,77.81442577229225,-77.81442577229225,15485.070728686158,1,Bearish ICT: Sweep+BOS+FVG (Disp=117.0p)
66,2025-12-03 08:15:00,2025-12-03 08:20:00,EURUSD,BUY,1.16651,1.16617,1.16719,1.16719,WIN,34.000000000000696,2.0,77.4253536434308,154.8507072868616,15639.92143597302,1,Bullish ICT: Sweep+BOS+FVG (Disp=93.0p)
67,2025-12-03 08:20:00,2025-12-03 08:25:00,EURUSD,BUY,1.16651,1.16617,1.16719,1.16719,WIN,34.000000000000696,2.0,78.1996071798651,156.3992143597302,15796.32065033275,1,Bullish ICT: Sweep+BOS+FVG (Disp=93.0p)
68,2025-12-10 14:10:00,2025-12-10 14:15:00,EURUSD,BUY,1.16584,1.1653399999999998,1.1668400000000003,1.1668400000000003,WIN,50.00000000001669,2.0,78.98160325166374,157.96320650332748,15954.283856836077,1,Bullish ICT: Sweep+BOS+FVG (Disp=138.0p)
69,2025-12-10 14:15:00,2025-12-10 14:20:00,EURUSD,BUY,1.16584,1.1653399999999998,1.1668400000000003,1.1668400000000003,WIN,50.00000000001669,2.0,79.77141928418038,159.54283856836076,16113.826695404437,1,Bullish ICT: Sweep+BOS+FVG (Disp=138.0p)
70,2025-12-19 08:35:00,2025-12-19 08:50:00,EURUSD,BUY,1.17081,1.1702899999999998,1.17185,1.17185,WIN,52.00000000000759,2.0,80.56913347702219,161.13826695404438,16274.964962358481,3,Bullish ICT: Sweep+BOS+FVG (Disp=77.0p)
71,2025-12-19 08:40:00,2025-12-19 08:50:00,EURUSD,BUY,1.17081,1.1702899999999998,1.17185,1.17185,WIN,52.00000000000759,2.0,81.37482481179241,162.74964962358482,16437.714611982065,2,Bullish ICT: Sweep+BOS+FVG (Disp=77.0p)
