DateTime,Currency,Impact,Title
2026-01-24 14:30:00,USD,HIGH,FOMC Interest Rate Decision
2026-01-24 15:00:00,USD,HIGH,FOMC Press Conference
2026-01-27 08:30:00,EUR,MEDIUM,German IFO Business Climate
2026-01-28 13:30:00,USD,HIGH,GDP Quarterly Report
2026-01-29 08:30:00,EUR,HIGH,ECB Interest Rate Decision
2026-01-29 09:15:00,EUR,HIGH,ECB Press Conference
2026-01-30 08:30:00,USD,MEDIUM,Core PCE Price Index
2026-01-30 13:30:00,USD,HIGH,Non-Farm Payrolls
2026-01-30 13:30:00,USD,HIGH,Unemployment Rate
